4HhrngtIfhM, 【公式】サンドウィッチマン コント 【聞き込み】
LWt2jrM8sZE, 【公式】サンドウィッチマン コント【不動産屋】
C_gQhl65Urk, 【公式】サンドウィッチマン コント【いたわる男】
UGsRdUxgq_o, 【公式】サンドウィッチマン コント【学習塾】
nCoAmfVoMxo, 【公式】サンドウィッチマン 漫才【ピザ カラネタ①】
XnDtASmwvCU, 【公式】サンドウィッチマン 漫才【ピザ カラネタ②】
hFJVtAHB0Y0, 【公式】サンドウィッチマン 漫才【ラグビー】
98znTfqfjoE, バカリズム - - - 「総合刑事」／『バカリズム ライブ 「生命の神秘」』より
n12AymyqYXc, バカリズム - - - 「熱血！」／『バカリズムライブ 「？！」』より
n7Rzff1eRFY, バカリズム - - - 「代用に関する案」／『バカリズムライブ番外編「バカリズム案7」』より
U42cMF8w2YQ, バカリズム - - - 「目撃と証言」／『バカリズムライブ「なにかとなにか」』より
vQimTbUII_U, バカリズム - - - 「友達の類」／『バカリズムライブ「類」』より
bKIQrd-IMWs, バカリズム - - - 「見よ 勇者は帰りぬ」／『バカリズムライブ「SPORTS」』より
1eJyqImN2-s, バカリズム - - - 「青い偏見」／『バカリズムライブ「COLOR」』より
FEnOsbAQRaM, バカリズム - - - 「言葉に関する案」／『バカリズムライブ番外編「バカリズム案6」』より
Pa4xR4AhEKo, バカリズム - - - 「はやすぎた男」／『バカリズムライブ「運命」』より
L1au3ON2tls, バカリズム - - - 「六本木の女王」／『バカリズムライブ「ぎ」』より
BLxwwT9xf_M, バカリズム - - - 「銅と銀」／『バカリズムライブ「なにかとなにか」』より
90rRDWqW_U0, バカリズム - - - 「黒い理由」／『バカリズムライブ「COLOR」』より
_VgzP1WR2CI, 東京03 -「新オフィス」／『第16回東京03単独公演「あるがままの君でいないで」』より
xnPNTO13OMY, 東京03 -  「融通」 ／ 『第11回東京03単独公演 「正論、異論、口論。」』より
wZSxXYqm4ik, 東京03 -  「蓄積」／『第18回東京03単独公演「明日の風に吹かれないで」』より
cNS4d5T6anA, 東京03 - 「めんどくさい親友」 ／ 『第15回東京03単独公演「露骨中の露骨」』より
gd3wmSX5iQI, 東京03 - 「ピーコ」／『第2回東京03単独ライブ「trio de sunshine」』より
7b33Fk_3Qu0, 東京03 - 「スマイルハウジング」 ／ 『第5回 東京03単独ライブ 「傘買って雨上がる」』より
aTLLemQpMN0, 東京03 -  「余裕」 ／ 『第14回東京03単独公演「後手中の後手」』より
JB5StNw4BR8, 東京03 -  「東京の両親」 ／ 『第14回東京03単独公演「後手中の後手」』より
dfvmg2SI788, 東京03 -  「お礼させて下さい」 ／ 『第11回東京03単独公演 「正論、異論、口論。」』より
_oBL_iAq4PY, 東京03 -  「カクピーの結婚」／『第10回東京03単独公演 「自分、自分、自分。」』より
PLUl51eS8C0, 東京03 -  「修学旅行」 ／ 『第9回 東京03 単独ライブ 「いらいら」』より
yyOSPXOFwM8, 東京03 - 「救世主」 ／ 『第13回東京03単独公演 「図星中の図星」』より
4XPS09HBpUE, ラーメンズ『雀』より「許して下さい」
y0ImMtXwfv0, ラーメンズ『STUDY』より「study」
HY0rU5WmK9k, ラーメンズ『CLASSIC』より「ベルボーイのホテル旅館化計画」
nl46oYNJJR0, ラーメンズ『CLASSIC』より「帝王閣ホテル応援歌」
iBLcboqYkZ0, ラーメンズ『CLASSIC』より「1313」
d-II9QDeado, ラーメンズ『ATOM』より「アトム」
1bIZwVDelg0, ラーメンズ『CLASSIC』より「バニーボーイ」
BhQGhKaMenc, ラーメンズ『CLASSIC』より「受験」
iOGjiaMcwtM, ラーメンズ『CLASSIC』より「ダメ人間」
mtvhjROePVw, ラーメンズ『CLASSIC』より「ギリジンツーリスト」
VB32zuyFBrM, ラーメンズ『椿』より「ドラマチックカウント」
jhhGWsO0KKM, ラーメンズ『椿』より「日本語学校アメリカン」
uuXfw5QdioE, ラーメンズ『CLASSIC』より「マリコマリオ」
DffRzNzXIEE, ラーメンズ『椿』より「高橋」
_xA_WvoBL9g, ラーメンズ『椿』より「悪魔が来たりてなんかいう」
52KywVY4Sq0, ラーメンズ『椿』より「斜めの日」
IZiRaG-yXI0, ラーメンズ『椿』より「インタビュー」
kB5eIF9Niy4, ラーメンズ『椿』より「心の中の男」
AHY1VjuZXyo, ラーメンズ『椿』より「心理テスト」
kR7ou8z4wwA, ラーメンズ『椿』より「時間電話」
MZ_UnCVZtYg, ラーメンズ『news』より「big news」
Vmx6tJYC8P4, ラーメンズ『TOWER』より「やめさせないと」
vAEitV5SPn0, ラーメンズ『TOWER』より「名は体を表す」
5FejvFO1fM0, ラーメンズ『TOWER』より「シャンパンタワーとあやとりとロールケーキ」
y61Z1ydmM2w, ラーメンズ『TOWER』より「タワーズ　１」
2I7R8vmxb2w, ラーメンズ『news』より「私の言葉が見えますか(完結)」
rc6nG-Fj4Fs, ラーメンズ『TOWER』より「五重塔」
JBnKsAieAzI, ラーメンズ『TOWER』より「タワーズ　２」
LFQHhw6XgsU, ラーメンズ『news』より「雪男」
WRlQ3RYd8dE, ラーメンズ『news』より「王様」
PEAIjOmrOGo, ラーメンズ『news』より「私の言葉が見えますか(弱気)」
AxqasBUAl5o, ラーメンズ『news』より「読書対決 news篇」
sC5T1l-yT48, ラーメンズ『TEXT』より「条例」
IaBDGFGNYK0, ラーメンズ『TEXT』より「不透明な会話」
C6Xj_pWmTAw, ラーメンズ『TEXT』より「銀河鉄道の夜のような夜」
uteRHmNcnyM, ラーメンズ『TEXT』より「同音異義の交錯」
HNlMff8dMtY, ラーメンズ『news』より「バッハ」
_QcKHea854c, ラーメンズ『news』より「私の言葉が見えますか」
x1t_35a0da0, ラーメンズ『TEXT』より「スーパージョッキー」
G2JuMtHsm5Y, ラーメンズ『FLAT』より「透明人間」
LdCEXnF8TmQ, ラーメンズ『TEXT』より「50 on 5」
gEB58_WSsko, ラーメンズ『FLAT』より「プーチンとマーチン」
9dhs6jvNSv0, ラーメンズ『FLAT』より「海豹」
q2UcCMyLKdQ, ラーメンズ『FLAT』より「棒」
8l_oDwCJ0lE, ラーメンズ『home』より「縄跳び部」
x32mNzbHxVs, ラーメンズ『home』より「無類人間」
KwzJmxPqtSc, ラーメンズ『雀』より「男女の気持ち」
qzqRFOdER2M, ラーメンズ『FLAT』より「ドーデスという男」
0cYKbeKGJpw, ラーメンズ『FLAT』より「新橋駅をご利用のみなさん」
0Zw3Bpu4OLc, ラーメンズ『home』より「映画好きのふたり」
qDIllK4BTNA, ラーメンズ『home』より「読書対決」
HssCy9vHJ8w, ラーメンズ『雀』より「雀」
jUhA-0nNVO0, ラーメンズ『home』より「漫画家と担当」
VdNJ_nfhJW8, ラーメンズ『home』より「百万円」
ISfu76VTdJs, ラーメンズ『FLAT』より「初男」
wlgj373wOpA, ラーメンズ『雀』より「人類創世」
D0CllwVkxxo, ラーメンズ『雀』より「プレオープン」
IFo25Ut-WlA, ラーメンズ『雀』より「音遊」
ko0UuEgdavc, ラーメンズ『雀』より「ネイノーさん」
HRqPbOZheWg, ラーメンズ『FLAT』より「埋蔵金」
fWubIFt9ZF0, ラーメンズ『home』より「ファン」
VEKCLyx062o, ラーメンズ『STUDY』より「金部」
DWnc8ag7Vw0, ラーメンズ『雀』より「お時間様」
1Sy_w9yXfHU, ラーメンズ『STUDY』より「いろいろマン」
Nh76bstUK6k, ラーメンズ『STUDY』より「地球の歩き方」
a_UAow986jQ, ラーメンズ『STUDY』より「ホコサキ」
8ucKWs-fViw, ラーメンズ『ATOM』より「新噺」
Rn_sTEJGsfE, ラーメンズ『鯨』より「アカミー賞」
i1Hi7DTiiG8, ラーメンズ『鯨』より「ことわざ仙人」
zVZjfs-rNXQ, ラーメンズ『鯨』より「器用で不器用な男と不器用で器用な男の話」
2lJ_uSAtSlY, ラーメンズ『鯨』より「count」
LYwE44GmAsE, ラーメンズ『STUDY』より「科学の子」
Sw4I46cpWmg, ラーメンズ『STUDY』より「QA」
t4rTFh7LxXQ, ラーメンズ『鯨』より「超能力」
4Ggv_--Oq_w, ラーメンズ『鯨』より「絵かき歌」
68wk8rXPNSY, ラーメンズ『鯨』より「壺バカ」
1izbHtJ1nLg, ラーメンズ『鯨』より「バースデー」
tzWbdRU5QSc, ラーメンズ『ATOM』より「路上のギリジン」
3Q8gln2Zbvg, ラーメンズ『ATOM』より「上下関係」
Zgj0JaJIMco, ラーメンズ『ALICE』より「後藤を待ちながら」
M8KfKAsao-Y, ラーメンズ『ALICE』より「バニー部」
rLOD_Tt0ZpM, ラーメンズ『ALICE』より「風と桶に関する幾つかの考察」
iqqX6de2CNY, ラーメンズ『ALICE』より「モーフィング」
os_hxNF4694, ラーメンズ『ATOM』より「採集」
_-iYi2JYZ2Y, ラーメンズ『ATOM』より「アトムより」
bqGReJH-grU, ラーメンズ『ALICE』より「甲殻類のワルツ」
enoUCj-WNCI, ラーメンズ『ALICE』より「不思議の国のニポン」
qFOa1DXBhWg, ラーメンズ『CHERRY BLOSSOM FRONT 345』より「蒲田の行進曲」
snFbsQb1nFI, ラーメンズ『CHERRY BLOSSOM FRONT 345』より「小説家らしき存在」
EEIAqrGJLSc, ラーメンズ『CHERRY BLOSSOM FRONT 345』より「マーチンとプーチン２」
kVLRsxaKWGI, ラーメンズ『CHERRY BLOSSOM FRONT 345』より「怪傑ギリジン」
75tyz1s7rkw, ラーメンズ『ALICE』より「イモムシ」
f0xPUeti-i4, ラーメンズ『home』より「無用途人間」
mXLntt3ikt8, ラーメンズ『CHERRY BLOSSOM FRONT 345』より「本人不在」
BOjVFZTnEF0, ラーメンズ『CHERRY BLOSSOM FRONT 345』より「レストランそれぞれ」
Y3OYKeGbNzQ, ラーメンズ『CHERRY BLOSSOM FRONT 345』より「エアメールの嘘」
eEnMsc1ZqDA, ラーメンズ『FLAT』より「アレグレット」